{
  "best_params": {
    "alpha": 1,
    "gamma": 0.01,
    "kernel": "rbf"
  },
  
  "train": {
    "mae": 4.8902976793203345,
    "mse": 31.744455255127463,
    "r2": -0.02672136240770917
  },
  "test": {
    "mae": 5.230307421468021,
    "mse": 34.719405315975,
    "r2": -0.014202776979517662
  }
}