{
  "best_params": {
    "alpha": 0.1,
    "gamma": 10.0,
    "kernel": "rbf"
  },
  "train": {
    "mae": 0.022430401603941448,
    "mse": 0.0009084139924448337,
    "r2": 0.9937536466030036
  },
  "test": {
    "mae": 0.11919503880444045,
    "mse": 0.041339253253071466,
    "r2": 0.7080838122029415
  }
}